,x
1,aaaron
2,aadhi
3,aalyiah
4,aamir
5,aar
6,aaro
7,aayliah
8,abbey
9,abbi
10,abdallah
11,abde
12,abdol
13,abdul
14,abdullah
15,abhay
16,abhijit
17,abhijoy
18,abhinav
19,abi
20,abigal
21,achutha
22,ad
23,adam
24,adan
25,addi
26,addie
27,addison
28,ade
29,adeeb
30,adel
31,adem
32,aden
33,aderin
34,adesh
35,adiah
36,adin
37,adina
38,aditya
39,adolfo
40,adoree
41,adria
42,adriana
43,adriane
44,adrianna
45,adriano
46,adriel
47,adrien
48,adryona
49,aedan
50,aeden
51,aeneas
52,aesa
53,agrim
54,ahad
55,ahmad
56,ahmed
57,aida
58,aidan
59,aide
60,aidee
61,aiden
62,ailill
63,aindri
64,ainsle
65,airin
66,aiyana
67,aj
68,aja
69,ajani
70,ajax
71,ajay
72,akaash
73,akeem
74,akhil
75,akia
76,akil
77,akinori
78,akira
79,akiva
80,aksel
81,akshat
82,akshay
83,alaina
84,alana
85,alanna
86,alaura
87,alba
88,alberto
89,alden
90,aldrian
91,ale
92,alec
93,aledsan
94,aleja
95,alejan
96,alejand
97,alejandro
98,alek
99,aleks
100,aleksan
101,aleksandr
102,aleksey
103,alessa
104,alessandr
105,alessaundra
106,alexa
107,alexan
108,alexand
109,alexande
110,alexandr
111,alexandre
112,alexandrea
113,alexandro
114,alexcis
115,alexei
116,alexi
117,alexia
118,alic
119,alica
120,alireza
121,alisa
122,alisha
123,alissa
124,alistair
125,alivia
126,alix
127,alixandra
128,aliyah
129,aliza
130,allee
131,allen yu
132,allesaundra
133,alley
134,alli
135,allyson
136,allyssa
137,almir
138,almond
139,alnaldo
140,alon
141,alp
142,alper
143,altan
144,althea
145,alvaro
146,alvin
147,aly
148,alyn
149,alysa
150,alysha
151,alyson
152,alysse
153,amad
154,amalia
155,amar
156,amarry
157,amaury
158,amber
159,ambrouse
160,amelio
161,amir
162,ammar
163,amon
164,an
165,anakin
166,anand
167,anargi
168,anas
169,anastasiya
170,and
171,ander
172,anders
173,andi
174,andon
175,andr
176,andre
177,andreas
178,andrei
179,andrej
180,andres
181,andrew11
182,andrey
183,andriane
184,andriu
185,andrj
186,andro
187,anekwe
188,angelica
189,angelique
190,angelo
191,angus
192,anil
193,anirudh
194,anjuli
195,ankit
196,ankur
197,anmoldeep
198,annaliese
199,anndrew
200,anneliese
201,annemarie
202,anrdrew
203,anselmo
204,ansgar
205,anth
206,antho
207,anthon
208,anthonie
209,anto
210,anton
211,antoni
212,antonis
213,anwar
214,anway
215,aodhan
216,aoron
217,aoun
218,april
219,aram
220,aramis
221,arash
222,arashdeep
223,arath
224,archer
225,aren
226,arhur
227,ari
228,aria
229,ariana
230,arianna
231,aric
232,ariel
233,arik
234,aristides
235,aristo
236,arjun
237,arka
238,arland
239,arley
240,arman
241,armand
242,armando
243,armond
244,armondo
245,arnav
246,arne
247,arron
248,arsenio
249,arshia
250,artie
251,arturs
252,artyom
253,arya
254,asaad
255,asfahan
256,ashkay
257,ashkin
258,ashle
259,ashlee
260,ashleigh
261,ashley
262,ashlin
263,ashok
264,ashton
265,ashwin
266,asim
267,aspen
268,at
269,atahan
270,atchi
271,ath
272,athanasio
273,athanasios
274,atilla
275,atticus
276,audai
277,audra lee
278,augie
279,aung
280,aunna
281,austen
282,autsin
283,autumn
284,av
285,ava
286,avanish
287,avery
288,avi
289,aviv
290,avraham
291,avry
292,awab
293,axel
294,axl
295,axton
296,ayaas
297,aydan
298,ayden
299,ayodele
300,azim
301,azzam
302,ba
303,bacho
304,badr
305,bah
306,bai
307,bailer
308,bailey
309,baird
310,bakari
311,balthazar
312,bambi
313,baptiste
314,barak
315,barett
316,barrett
317,barry
318,bartu
319,bas
320,bastian
321,batradz
322,bawi
323,baxter
324,baylee
325,baylen
326,bayley
327,bayli
328,beach
329,beau
330,becket
331,beckie
332,belal
333,belin
334,ben `
335,ben rosen
336,benedetto
337,benett
338,benja
339,benjam
340,benjami
341,bennet
342,bennett
343,benny
344,benson
345,benton
346,bernardo
347,bertrand
348,bet
349,bethany
350,biagio
351,bijan
352,bijon
353,bil
354,billie
355,bin
356,birch
357,bj
358,bla
359,blai
360,blaike
361,blair
362,blaise
363,blake
364,blaze
365,boaz
366,boback
367,bobb
368,bobo
369,bohdin
370,bond
371,boone
372,bopai
373,boris
374,bosung
375,boyd
376,boyu
377,boz
378,br
379,bra
380,brace
381,bradan
382,braden
383,bradle
384,bradly
385,bradon
386,braedan
387,braeden
388,brain
389,bram
390,bran
391,branagan
392,brand
393,brandan
394,branden
395,brandi
396,brandie
397,brando
398,brandon
399,brandon12
400,brandyn
401,brannin
402,branson
403,brant
404,brayan
405,brayden
406,braydon
407,brazley
408,bre
409,breadan
410,breanna
411,breet
412,brendan
413,brenden
414,brendin
415,brendon
416,brendyn
417,brenn
418,brenna
419,brennan
420,brennen
421,brennon
422,brent
423,brenton
424,bret
425,breton
426,brett
427,bri
428,bria
429,briana
430,brianna
431,brianne
432,brice
433,brie
434,brien
435,brighid
436,brighton
437,britney
438,britta
439,brittan
440,brittani
441,brittney
442,britton
443,brock
444,brockport
445,broden
446,brodie
447,brogan
448,bronson
449,brooke
450,brooklyn
451,brooks
452,bruce
453,bruno
454,brya
455,bryce
456,bryer
457,brynn
458,bryon
459,bryson
460,buck
461,bud
462,bugra
463,bujar
464,burak
465,burke
466,butter
467,buzz
468,byran
469,byrant
470,byron
471,cabasino
472,cabe
473,cade
474,caden
475,cadmo
476,cael
477,caelan
478,cahal
479,caiden
480,caine
481,caitl
482,caitlin
483,caitlyn
484,calab
485,calabi
486,calan
487,cale
488,calee
489,calen
490,calin
491,calinda
492,calla
493,callan
494,callen
495,callum
496,calum
497,calvin joh
498,camden
499,camer
500,camero
501,cameroon
502,cami
503,camillo
504,camilo
505,cammeron
506,cammron
507,campbel
508,camryn
509,candice
510,caren
511,cari
512,carina
513,carissa
514,carla
515,carles
516,carley
517,carli
518,carlie
519,carlitos
520,carlo
521,carlos
522,carly
523,carmelo
524,carmen
525,carmine
526,carrisa
527,carrissa
528,carrter
529,carson
530,carte
531,carter
532,cary
533,cashel
534,casim
535,cassand
536,cassidy
537,cassius
538,castor
539,casy
540,catarina
541,catherin
542,catrice
543,cavan
544,cavin
545,cayden
546,caylor
547,caytlyn
548,caytlynn
549,ce
550,cef
551,cesar
552,cha
553,chad
554,chadd
555,chadwick
556,chalmers
557,chancce
558,chance
559,chandle
560,chandler
561,chang
562,charis
563,charl
564,charle
565,charley
566,charli
567,chas
568,chase
569,chasen
570,chaz
571,chelsea
572,chelsey
573,chelsie
574,cheng
575,chenxu
576,cheyanne
577,chief
578,chinmay
579,chip
580,chirog
581,chirs
582,chistian
583,chistophe
584,chr
585,chri
586,chriatian
587,christ
588,christai
589,christi
590,christia
591,christiano
592,christin
593,christo
594,christobal
595,christop
596,christoper
597,christoph
598,christophe
599,chukwudi
600,churchvill
601,churchville
602,ciania
603,cianna
604,ciara
605,ciaran
606,ciarra
607,cindi
608,cj
609,clarel
610,clark
611,claude
612,claudio
613,claudius
614,clay
615,clayto
616,clayton
617,cleo
618,clint
619,clinton
620,cobey
621,codey
622,cody
623,coen
624,colby
625,coleman
626,coleman grid
627,colette
628,colin
629,colleen
630,colli
631,collin
632,colm
633,colman
634,colt
635,colton
636,conlan
637,conlon
638,conn
639,connell
640,conner
641,conners
642,conno
643,connor
644,conor
645,cook
646,cooper
647,corbin
648,corde
649,cormac
650,corrigan
651,corrine
652,corryn
653,cortland
654,cosgrove
655,cosimo
656,cosmo
657,coty
658,courtne
659,courtner
660,coyne
661,craig
662,creed
663,creigh
664,crhistopher
665,cricket
666,crispin
667,crist
668,cristian
669,cristophe
670,cross
671,cruz
672,cucaj
673,cullen
674,cullin
675,cuoco
676,curran
677,cylas
678,cyle
679,daemon
680,daenon
681,daguille
682,dah
683,daichi
684,daiki
685,dain
686,daine
687,daisy
688,dakota
689,dale
690,daley
691,dallan
692,dallas
693,dallon
694,daly
695,damian
696,damien
697,damion
698,damjan
699,damon
700,dana
701,danah
702,dane
703,daneric
704,danie
705,daniell
706,daniil
707,dante
708,danten
709,darci
710,darcy
711,darian
712,darien
713,darik
714,darin
715,darion
716,darnel
717,darnell
718,daron
719,darren
720,darrick
721,darrien
722,darrin
723,darron
724,darryl
725,darwing
726,daryl
727,dashaun
728,dason
729,dathan
730,daulton
731,dav
732,daven
733,davi
734,davin
735,davis
736,davon
737,davonte
738,davyd
739,dawne
740,dawson
741,dawsyn
742,daxon
743,daymon
744,dayna
745,dayne
746,daytona
747,deaglan
748,dean
749,dean tana
750,deanna
751,declan
752,deemer
753,deep
754,deion
755,deitrich
756,delaney
757,delano
758,delvyne
759,demerise
760,demetr
761,denis
762,deniz
763,denley
764,denna
765,denzil
766,dereck
767,derek
768,derijan
769,derika
770,derman
771,derr
772,derrik
773,deshane
774,deshaun
775,desmo
776,desmond
777,destiny
778,dev
779,devan
780,deven
781,devery
782,devin
783,devine
784,devon
785,devont
786,devonte
787,devyn
788,dexter
789,deyon
790,dez
791,dhruba
792,dhruv
793,diamanti
794,diamantis
795,dianna
796,diego
797,dietrich
798,dijoni
799,dilan
800,dilego
801,dileysha
802,dillan
803,dillane
804,dillen
805,dillion
806,dillon
807,dimetri
808,dimitri
809,dimitrius
810,dimitry
811,dineer
812,dion
813,dioni
814,dionici
815,dionisios
816,dirk
817,divin
818,dj
819,dlyan
820,dmitry
821,dnomyar
822,do
823,doc
824,dodge
825,domenico
826,domi
827,domin
828,dominec
829,domini
830,dominick
831,dominion
832,dominique
833,dominque
834,domon
835,domonic
836,donal
837,donato
838,donavan
839,dongho
840,dongyi
841,donna
842,donny
843,donovan
844,dontae
845,donte
846,dooger
847,doran
848,dougla
849,doyle
850,dragmano
851,drake
852,du
853,duane
854,duban
855,duje
856,dulin
857,duran
858,dusstin
859,dusti
860,dustin
861,dusty
862,dustyn
863,duyle
864,dwanny
865,dwayne
866,dyana
867,dyanna
868,dyla
869,dylan
870,dyllan
871,dylon
872,ean
873,earl
874,eathan
875,eavon
876,ebe
877,edan
878,edd
879,eden
880,edin
881,eduard
882,edvin
883,edzani
884,efrain
885,egan
886,egzon
887,eh
888,eh ler
889,eh super
890,ehan
891,eian
892,eike
893,einar
894,einosuke
895,eiriku
896,eisuke
897,eitan
898,ej
899,ejuah
900,el
901,elana
902,eldar
903,elia
904,elie
905,elija
906,elijiah
907,elina
908,eliot
909,eliott
910,elis
911,elise
912,elissa
913,elizab
914,elizabe
915,elizabet
916,elliot
917,elliott
918,ellis
919,ellison
920,ellora
921,elvis
922,elysiah
923,emanuell
924,emari
925,emelia
926,emerson
927,emery
928,emile
929,emilee
930,emilia
931,emiliano
932,emilio
933,emith
934,emm
935,emmanual
936,emmeline
937,emmelt
938,emmerson
939,emmet
940,emmett
941,emmie
942,emmitt
943,emrah
944,enis
945,enrico
946,enrigue
947,enrique
948,ensen
949,ensuper
950,enyer
951,eoghan
952,eraj
953,erek
954,erez
955,eri
956,erica
957,erich
958,ericka
959,erik
960,erika
961,erne
962,ernesto
963,eron
964,errol
965,erron
966,esdros
967,esteban
968,eston
969,eswin
970,etan
971,etha
972,ethan
973,ethen
974,eudes
975,euntaek
976,evav
977,even
978,everet
979,everett
980,evertt
981,evin
982,evyn
983,ewan
984,eyram
985,eyup
986,ezze
987,faadhil
988,fabian
989,fabio
990,fade
991,falk
992,fallon
993,faraday
994,farrah
995,farzad
996,fatcheric
997,faviana
998,fawn
999,fayellen
1000,fed
1001,federick
1002,federico
1003,felipe
1004,fenner
1005,fernan
1006,fernando
1007,filip
1008,finian
1009,finn
1010,finnegan
1011,finnian
1012,finton
1013,fiona
1014,fisher
1015,fiske
1016,flaminio
1017,flecther
1018,fletcher
1019,florian
1020,floriana
1021,forr
1022,forrest
1023,foste
1024,foster
1025,fox
1026,fraime
1027,france
1028,francesc
1029,francesca
1030,francesco
1031,franci
1032,francisco
1033,francizek
1034,franco
1035,frankel
1036,frankli
1037,frazier
1038,fredie
1039,fredrick
1040,fredy
1041,fumi
1042,fumihik
1043,fynn
1044,gabbi
1045,gabbie
1046,gabi
1047,gabrie
1048,gabriela
1049,gabriele
1050,gabriell
1051,gabriello
1052,gadge
1053,gadi
1054,gaetan
1055,gaetono
1056,gage
1057,gaige
1058,gal
1059,galen
1060,gannon
1061,gar
1062,garek
1063,garen
1064,gareth
1065,garin
1066,garner
1067,garnet
1068,garr
1069,garre
1070,garret
1071,garrett
1072,garri
1073,garrick
1074,garrison
1075,garry
1076,garsevan
1077,gary
1078,gates
1079,gaurav
1080,gavin
1081,gavrie
1082,gaynay
1083,gehrig
1084,genaro
1085,geoffer
1086,geoffre
1087,geor
1088,geordy
1089,george
1090,georgin
1091,georgio
1092,geovany
1093,gera
1094,gerad
1095,gerard
1096,gerardo
1097,gerhard
1098,germaine
1099,gerod
1100,gerrard
1101,gia
1102,giacomo
1103,giacora
1104,gian
1105,giana
1106,giancarlo
1107,gianluc
1108,gianluca
1109,gianna
1110,gianni
1111,gianpaolo
1112,giavanna
1113,gilberto
1114,giles
1115,gill
1116,gillis
1117,gino
1118,gio
1119,giordano
1120,giorgi
1121,giovann
1122,giovanni
1123,giovau
1124,giru
1125,giu
1126,giusepp
1127,giuseppe
1128,glazer
1129,gleb
1130,glen
1131,glenn
1132,go
1133,goldberg
1134,gordon
1135,gordy
1136,grace
1137,gracen
1138,gracie
1139,grady
1140,graeme
1141,graham
1142,grahm
1143,gran
1144,grant
1145,gray
1146,grayce
1147,grayson
1148,gre
1149,greag
1150,greco
1151,greggory
1152,grego
1153,grenville
1154,greta
1155,grey
1156,greydon
1157,greyson
1158,griffen
1159,griffi
1160,griffin
1161,guanangelo
1162,guido
1163,guisepp
1164,guiseppe
1165,gunnar
1166,gunner
1167,gunther
1168,gustav
1169,ha
1170,ha sup
1171,haakon
1172,hadden
1173,hai
1174,hailey
1175,hajime
1176,hajo
1177,hakeem
1178,haley
1179,halima
1180,hallison
1181,han
1182,hanlin
1183,hanna
1184,hans
1185,haochen
1186,haofeng
1187,harim
1188,harley
1189,harmony
1190,harper
1191,harris
1192,harrison
1193,harsh
1194,harshdeep
1195,hart
1196,haruhide
1197,haruka
1198,harvey
1199,hassan
1200,hastings
1201,hasup
1202,haual
1203,hayato
1204,hayden
1205,hayes
1206,haylee
1207,hayley
1208,haylie
1209,hazumi
1210,hea
1211,heath
1212,heathe
1213,hector
1214,heejay
1215,hember
1216,henery
1217,henrik
1218,herve
1219,hettinge
1220,heung gyu
1221,hikaru
1222,hillary
1223,hilmi
1224,hilton
1225,hinkey
1226,hiroki
1227,hiroshi
1228,hiroto
1229,hiroyuk
1230,hiroyuki
1231,hirsch
1232,hjalmer
1233,hobie
1234,hoden
1235,holden
1236,hollin
1237,holly
1238,holten
1239,holton
1240,homer
1241,hong
1242,hope
1243,houston
1244,hsa he doh
1245,huck
1246,hudson
1247,hughes
1248,hugo
1249,huibo
1250,humberto
1251,hunter
1252,huntter
1253,hussein
1254,hutch
1255,huy
1256,huy houng
1257,ia
1258,ibe
1259,ibrahim
1260,idalio
1261,idan
1262,ignacio
1263,igor
1264,ihab
1265,ihor
1266,iiirian
1267,ilan
1268,ildar
1269,ilia
1270,illeana
1271,ilmar
1272,ilya
1273,imam
1274,iman
1275,imani
1276,imroz
1277,inanc
1278,indairo
1279,inigo
1280,ioannis
1281,iori
1282,irie
1283,irondequoi
1284,isac
1285,isaias
1286,isais
1287,isak
1288,isaque
1289,ishaq
1290,isiah
1291,isis
1292,ismail
1293,ismar
1294,israel
1295,isreal
1296,issaac
1297,issac
1298,iuilu
1299,ixsa
1300,iyan
1301,izack
1302,ja
1303,jabari
1304,jaccob
1305,jace
1306,jachui
1307,jaci
1308,jackosn
1309,jacks
1310,jacksen
1311,jacky
1312,jaclyn
1313,jaco
1314,jacopo
1315,jacq
1316,jacque
1317,jacquelyn
1318,jacquez
1319,jad
1320,jada
1321,jadale
1322,jaden
1323,jadon
1324,jadyn
1325,jae
1326,jae yoon
1327,jaeden
1328,jagen
1329,jagger
1330,jahkhar
1331,jaiden
1332,jaime
1333,jaimie
1334,jakiem
1335,jakob
1336,jakub
1337,jalen
1338,jam
1339,jamal
1340,jamar
1341,jame
1342,jamee
1343,jameel
1344,jamel
1345,jameson
1346,jamey
1347,jami
1348,jamieson
1349,jamil
1350,jamison
1351,jamus
1352,janco
1353,janelle
1354,janeth
1355,janey
1356,jang hun
1357,jani
1358,janis
1359,jann
1360,janson
1361,janus
1362,janvier
1363,jarad
1364,jaramia
1365,jared
1366,jaren
1367,jareth
1368,jarett
1369,jaron
1370,jarrad
1371,jarred
1372,jarret
1373,jarrett
1374,jarrod
1375,jasaun
1376,jasen
1377,jasmin
1378,jasmine
1379,jason
1380,jathan
1381,jaudi
1382,jav
1383,javan
1384,javett
1385,javid
1386,javier
1387,jawanna
1388,jaxon
1389,jaxson
1390,jayden
1391,jaydon
1392,jaylee
1393,jaylen
1394,jaylin
1395,jaymeso
1396,jaymz
1397,jayson
1398,jazdiel
1399,jazmyn
1400,jb
1401,jc
1402,jd
1403,je
1404,jea
1405,jean carlo
1406,jeanine
1407,jedd
1408,jeffer
1409,jeffery
1410,jeffre
1411,jeffry
1412,jelani
1413,jen
1414,jenel
1415,jenna
1416,jennalyn
1417,jennings
1418,jens
1419,jerad
1420,jeramey
1421,jeramy
1422,jere
1423,jerem
1424,jeremey
1425,jeremia
1426,jeremy
1427,jeri
1428,jericho
1429,jerico
1430,jerid
1431,jermaine
1432,jerod
1433,jerome
1434,jeromy
1435,jerr
1436,jerrel
1437,jerrell
1438,jerrett
1439,jerrit
1440,jerrod
1441,jerzy
1442,jes
1443,jeseph
1444,jesi
1445,jesica
1446,jessa
1447,jesse
1448,jessey
1449,jessi
1450,jesus
1451,jett
1452,jevaughn
1453,jevon
1454,jevont<U+FFFD>
1455,jevonté
1456,jewel
1457,jewell
1458,jhade
1459,jillian
1460,jillo
1461,jimito
1462,jimm
1463,jimy
1464,jin
1465,jin woo
1466,jinghao
1467,jinwook
1468,jirel
1469,jishnu
1470,jj
1471,joaquin
1472,joby
1473,jocelyn
1474,jocie
1475,jodhel
1476,joel
1477,joelen
1478,joell
1479,joely
1480,joesep
1481,joeseph
1482,joesph
1483,joh
1484,joha
1485,johan
1486,johann
1487,johathan
1488,johdel
1489,john aden
1490,john lee
1491,john pet
1492,john peter
1493,john ross
1494,john tyler
1495,johnat
1496,johnathan
1497,johnathon
1498,johnlee
1499,johnn
1500,johnnie
1501,jojo
1502,joleigh
1503,jon mike
1504,jona
1505,jonah
1506,jonas
1507,jonath
1508,jonatha
1509,jonathen
1510,jonathha
1511,jonathon
1512,jonn
1513,jonnie
1514,jonny
1515,jonothan
1516,jonpaul
1517,jontae
1518,joona
1519,jor
1520,jora
1521,jord
1522,jorda
1523,jordain
1524,jordan
1525,jordi
1526,jordn
1527,jordon
1528,jordyn
1529,jorge
1530,jorie
1531,jory
1532,josae
1533,jose
1534,josean
1535,josef
1536,josef gera
1537,josep
1538,josh rober
1539,joshgua
1540,joshuah
1541,josie
1542,jospeh
1543,josue
1544,jovanny
1545,jovonna
1546,jp
1547,jt
1548,ju
1549,juan
1550,juan car
1551,juan carl
1552,juan rafae
1553,jubin
1554,judd
1555,jugal
1556,julen
1557,jules
1558,juleyka
1559,juliana
1560,julianna
1561,julien
1562,julio
1563,juliu
1564,julius
1565,jullian
1566,jun
1567,junaid
1568,juneau
1569,junehyuk
1570,juneseok
1571,jung min
1572,junsung
1573,jus
1574,jusitne
1575,justan
1576,justen
1577,justi
1578,justice
1579,justine
1580,justo
1581,justyn
1582,juval
1583,jye
1584,ka
1585,kaan
1586,kabir
1587,kacie
1588,kacper
1589,kad
1590,kadeem
1591,kaden
1592,kadin
1593,kaeden
1594,kaelan
1595,kaelin
1596,kahla
1597,kahlil
1598,kai
1599,kail
1600,kailas
1601,kainen
1602,kairat
1603,kaisey
1604,kaishaun
1605,kaitlin
1606,kaitly
1607,kaitlyn
1608,kaitlynn
1609,kaito
1610,kaleb
1611,kaleel
1612,kaleem
1613,kaleigh
1614,kaleil
1615,kaleim
1616,kalem
1617,kali
1618,kalista
1619,kallin
1620,kalonji
1621,kamal
1622,kamden
1623,kamen
1624,kameron
1625,kamren
1626,kane
1627,kaoru
1628,kara
1629,karan
1630,kareem
1631,kari
1632,karim
1633,karin
1634,karina
1635,karisa
1636,karl
1637,karla
1638,karlee
1639,karleigh
1640,karli
1641,karly
1642,karol
1643,karsen
1644,karson
1645,karthi
1646,kasandra
1647,kashawn
1648,kasi
1649,kasim
1650,kasper
1651,kassandr
1652,kassandra
1653,kasseem
1654,kassie
1655,kat
1656,katey
1657,katharine
1658,katheri
1659,kathl
1660,katlin
1661,katlyn
1662,katri
1663,katrina
1664,katsunao
1665,katzuhiro
1666,kavi
1667,kaya
1668,kayahan
1669,kayden
1670,kaylee
1671,kayleigh
1672,kaylen
1673,kayli
1674,kaylie
1675,kaylin
1676,kayvan
1677,kaz
1678,kazuki
1679,kazuma
1680,kc
1681,ke
1682,keagan
1683,keagen
1684,kealan
1685,keanu
1686,keaton
1687,keefe
1688,keegan
1689,keel
1690,keelan
1691,keeley
1692,keely
1693,keenan
1694,kees
1695,kei
1696,keigan
1697,keigen
1698,keihin
1699,keilan
1700,keilen
1701,keit
1702,keita
1703,keith
1704,kellan
1705,kellen
1706,kelly
1707,kelse
1708,kelsey
1709,kelvin
1710,kendrik
1711,kendyl
1712,kenia
1713,kennedy
1714,kennen
1715,kenneth iv
1716,kennosuke
1717,kenrick
1718,kensho
1719,kensuke
1720,kenta
1721,kentaro
1722,kento
1723,kenton
1724,kenyon
1725,keon
1726,keona
1727,keonte
1728,kera
1729,keriann
1730,kerri
1731,kerry
1732,kerwin
1733,keshaun
1734,kevan
1735,kevi
1736,kevin
1737,kevon
1738,khadeem
1739,khafre
1740,khalil
1741,khanxa
1742,khoozan
1743,khushi
1744,khyle
1745,kia
1746,kiam
1747,kian
1748,kiara
1749,kidane
1750,kiera
1751,kieran
1752,kieren
1753,kiernan
1754,kierra
1755,kieth
1756,kik
1757,kiki
1758,killian
1759,kip
1760,kipp
1761,kira
1762,kiran
1763,kirk
1764,kirsten
1765,kirstin
1766,kisuke
1767,kiwoong
1768,kiyonari
1769,kj
1770,kleva
1771,klock
1772,kobe
1773,kobey
1774,kobi
1775,koby
1776,kodai
1777,kodie
1778,kody
1779,koe
1780,koji
1781,kolbe
1782,kolby
1783,konnor
1784,konrad
1785,konstanti
1786,konstantin
1787,kopu
1788,korbii
1789,korey
1790,korianne
1791,korryn
1792,kory
1793,kosuke
1794,kota
1795,kotaro
1796,kourosh
1797,koz
1798,kraig
1799,kramer
1800,krammer
1801,kreste
1802,kresten
1803,krestin
1804,krill
1805,krish
1806,krishna
1807,krista
1808,krister
1809,kristhiam
1810,kristian
1811,kristofer
1812,kristop
1813,krystal
1814,krystian
1815,krzyszof
1816,krzysztof
1817,ksa
1818,kunal
1819,kuniaki
1820,kural
1821,kurt
1822,kurtis
1823,kush
1824,kushal
1825,kutter
1826,kwame
1827,kwan
1828,kwesi
1829,kwon
1830,kwun
1831,kyan
1832,kyar
1833,kyl
1834,kyla
1835,kylan
1836,kylar
1837,kyle
1838,kylea
1839,kyler
1840,kylie
1841,kylynn
1842,kymani
1843,kymira
1844,kyra
1845,kyran
1846,kyron
1847,kyumin
1848,kyung
1849,kyungduk
1850,labesh
1851,lacey
1852,lachlan
1853,laiken
1854,laina
1855,laki
1856,laksh
1857,lamar
1858,lana
1859,lance
1860,land
1861,landon
1862,lane
1863,langdon
1864,lara
1865,larkin
1866,lars
1867,lashawn
1868,lasse
1869,laszio
1870,laszlo
1871,lathin
1872,lathon
1873,latim
1874,laurel
1875,lavon
1876,lawerence
1877,lawre
1878,lawrenc
1879,lawson
1880,laylay
1881,lazaro
1882,lazio
1883,lazzarus
1884,leah
1885,leandrew
1886,leandro
1887,leann
1888,leanna
1889,leaz
1890,lee andrew
1891,lee ann
1892,leeann
1893,lei
1894,leia
1895,leif
1896,leigh
1897,leighton
1898,leland
1899,lemus
1900,lenard
1901,lennart
1902,lennon
1903,lenny
1904,lentz
1905,leonardo
1906,leonid
1907,ler
1908,lex
1909,lexie
1910,lexy
1911,leyna
1912,leyton
1913,li
1914,lia
1915,liam
1916,liangyu
1917,lianna
1918,lianne
1919,lieghton
1920,lili
1921,lillo
1922,linas
1923,lindsay
1924,lindsey
1925,linus
1926,lisle
1927,lissa
1928,liuben
1929,livio
1930,liza
1931,logan
1932,london
1933,long
1934,lopaka
1935,lopez
1936,lorcan
1937,lorenz
1938,loreto
1939,lorien
1940,lorin
1941,loudon
1942,loui
1943,lowel
1944,lowell
1945,luc
1946,luc andy
1947,luc yanni
1948,luca
1949,lucca
1950,lucian
1951,luciano
1952,lucus
1953,luigi
1954,luis
1955,luisfelipe
1956,luk
1957,luka
1958,lukas
1959,luna
1960,luoxiao
1961,lyell
1962,lyle
1963,lyndsay
1964,lyons
1965,ma
1966,macaiah
1967,macauley
1968,macayla
1969,maccenzi
1970,machaela
1971,mackenna
1972,mackenz
1973,mackenzi
1974,mackenzy
1975,maclaine
1976,maclean
1977,maddi
1978,maddie
1979,maddison
1980,maddox
1981,madelei
1982,madelin
1983,madhavan
1984,madhave
1985,madhaven
1986,madhuri
1987,madi
1988,madigan
1989,madina
1990,maegen
1991,maelys
1992,maeric
1993,magnus
1994,maguse
1995,mah
1996,mahir
1997,mahmet
1998,mahoney
1999,maia
2000,makayl
2001,makayla
2002,makenzie
2003,makism
2004,makoto
2005,malcom
2006,maleek
2007,maleri
2008,malik
2009,malikk
2010,mallory
2011,mallyory
2012,manav
2013,mandi
2014,mandie
2015,maneesh
2016,manley
2017,manrow
2018,mansa
2019,manu
2020,marc
2021,marc an
2022,marcel
2023,marcello
2024,marcelo
2025,marci
2026,marco
2027,marcos
2028,marcy
2029,marek
2030,margar
2031,margare
2032,margo
2033,margue
2034,mariano
2035,marina
2036,mario
2037,marisa
2038,marita
2039,marius
2040,marko
2041,markus
2042,marlon
2043,marquan
2044,marquise
2045,marrett
2046,marshal
2047,marshall
2048,marten
2049,marucs
2050,mary kate
2051,marybeth
2052,masa
2053,masaki
2054,masashi
2055,masayuk
2056,masayuki
2057,mason
2058,massiah
2059,massimo
2060,matan
2061,mateen
2062,mateo
2063,mateusz
2064,mathe
2065,matheus
2066,mathew
2067,mathi
2068,mathias
2069,mathieu
2070,mathis
2071,matia
2072,matte
2073,matteo
2074,matth
2075,matthe
2076,matthews
2077,mattia
2078,mattias
2079,mattl
2080,maura
2081,mauricio
2082,mauro
2083,maverick
2084,maxcy
2085,maxfield
2086,maxim
2087,maximilian
2088,maximill
2089,maximilli
2090,maximillian
2091,maxsym
2092,maxum
2093,maxwell
2094,maxx
2095,maya
2096,mayah
2097,mazin
2098,mcailin
2099,mcdeid
2100,mcdonald
2101,mckean
2102,mckenize
2103,mckenzie
2104,mckinle
2105,mcmillen
2106,meagan
2107,megha
2108,meghan
2109,meghann
2110,mehmet
2111,meikhi
2112,mekhi
2113,meliss
2114,melynda
2115,melyssa
2116,memphis
2117,menderes
2118,meng
2119,merced
2120,mercell
2121,meredit
2122,meredith
2123,merlin
2124,messiah
2125,mew
2126,mi
2127,mia
2128,miachel
2129,miah
2130,mic
2131,mica
2132,micahel
2133,mical
2134,mich
2135,micha
2136,michae
2137,michaela
2138,michail
2139,michal
2140,michayla
2141,micheal
2142,michell
2143,miguel
2144,mihali
2145,mihea
2146,mihir
2147,mihnea
2148,mik
2149,mikael
2150,mikaeli
2151,mikaha
2152,mikail
2153,mikayl
2154,mikayla
2155,mikeal
2156,mikel
2157,mikey
2158,mikhael
2159,miki
2160,mikkel
2161,mikko
2162,mikola
2163,mikolaj
2164,milan
2165,miles
2166,miller
2167,millspaugh
2168,milo
2169,milton
2170,min
2171,mindy
2172,minh
2173,mirae
2174,mirei
2175,mirko
2176,mirza
2177,misha
2178,mishael
2179,mit
2180,mitche
2181,mitchel
2182,miwa
2183,mj
2184,mo
2185,moaz
2186,moe
2187,mohamed
2188,mohammad
2189,moises
2190,monroe
2191,montad
2192,mook
2193,morgam
2194,morgan
2195,morghon
2196,moritz
2197,mortiz
2198,motoki
2199,moustafa
2200,moustapha
2201,muartz
2202,muataz
2203,muhammad
2204,muhammud
2205,muhtar
2206,mujahed
2207,muk
2208,mukundan
2209,mulki
2210,muna
2211,muni
2212,mustafa
2213,mya
2214,mykailah
2215,mykell
2216,mykiel
2217,myles
2218,mylynda
2219,myriah
2220,na
2221,nacoda
2222,nadav
2223,nader
2224,nadia
2225,najee
2226,naki
2227,naoki
2228,narkarsh
2229,narmeri
2230,nash
2231,nasser
2232,natalee
2233,natalia
2234,nath
2235,natha
2236,nathani
2237,nathanial
2238,nathanie
2239,nathon
2240,naykaw
2241,nazir
2242,ne
2243,neal
2244,neel
2245,neil
2246,neko
2247,nelsen
2248,nes
2249,nester
2250,netaniah
2251,neuendorf
2252,nevaeheh
2253,nevan
2254,nevi
2255,neville
2256,nevin
2257,ni
2258,nia
2259,nial
2260,nic
2261,nicchia
2262,niccolas
2263,niccolo
2264,nich
2265,nicho
2266,nichol
2267,nichola
2268,nichole
2269,nicholi
2270,nicholoas
2271,nichols
2272,nickola
2273,nickolas
2274,nicky
2275,nico
2276,nicola
2277,nicolas
2278,nicolo
2279,nicos
2280,nien
2281,nigel
2282,nihaar
2283,niki
2284,nikita
2285,nikko
2286,niklas
2287,niko
2288,nikola
2289,nikolai
2290,nikolas
2291,nikole
2292,nikos
2293,nikula
2294,niles
2295,nina
2296,nino
2297,nish
2298,nishant
2299,nitin
2300,nj
2301,no
2302,noa
2303,noam
2304,noelle
2305,nolan
2306,nolen
2307,noor
2308,nor
2309,norbu
2310,norbusamte
2311,norman
2312,nour
2313,nozomi
2314,ntahan
2315,nyasia
2316,nzinga
2317,oad
2318,odin
2319,ofelia
2320,oisin
2321,okan
2322,okey
2323,oleg
2324,oleksand
2325,olivier
2326,oma
2327,omar
2328,omer
2329,omid
2330,one june
2331,oran
2332,oren
2333,orest
2334,orestes
2335,orhun
2336,orieanna
2337,orion
2338,orry
2339,osasere
2340,oscar
2341,osman
2342,otari
2343,othman
2344,owen
2345,owens
2346,paarth
2347,pablo
2348,pacleco
2349,paco
2350,paddy
2351,padraic
2352,padraig
2353,padriac
2354,padric
2355,paig
2356,paige
2357,panagiot
2358,panagiotis
2359,paolo
2360,paris
2361,park
2362,parker
2363,parth
2364,partic
2365,partric
2366,partrick
2367,pascale
2368,pasuth
2369,patienc
2370,patirck
2371,patric
2372,patrisha
2373,patt
2374,pau
2375,paull
2376,paulo
2377,pavel
2378,pavlo
2379,paxton
2380,payal
2381,payne
2382,paytin
2383,payton
2384,pech
2385,pedro
2386,peio
2387,peivin
2388,pelvin
2389,pembroke
2390,pen
2391,penfield
2392,penn
2393,pero
2394,perrine
2395,pet
2396,petar
2397,petro
2398,peyton
2399,phelan
2400,philipp
2401,phill
2402,philli
2403,phillp
2404,phillup
2405,phoenix
2406,phouc
2407,pia
2408,pier
2409,pierce
2410,pierre
2411,pieter
2412,pietro
2413,ping ping
2414,pio
2415,piotr
2416,piper
2417,piyush
2418,pj
2419,plumley
2420,porter
2421,pouria
2422,powell
2423,powers
2424,prabhav
2425,pranav
2426,praray
2427,presley
2428,preston
2429,price
2430,promise
2431,prov
2432,quadir
2433,quanmain
2434,quavelle
2435,quay
2436,quentin
2437,quenton
2438,qui
2439,quin
2440,quinn
2441,quinten
2442,quintin
2443,quinton
2444,qwenton
2445,race
2446,rachael
2447,radonja
2448,rafael
2449,rafal
2450,rafe
2451,rafeal
2452,raffi
2453,ragy
2454,raheema
2455,rahgi
2456,rahim
2457,rahul
2458,rainer
2459,raisian
2460,raislan
2461,raja
2462,raje
2463,rajendra
2464,rajiv
2465,rajnikant
2466,ramee
2467,ramiro
2468,ramsey
2469,ramy
2470,ran
2471,rand
2472,randal
2473,randall
2474,randee
2475,randi
2476,randill
2477,raoul
2478,raquel
2479,rashad
2480,rashid
2481,raulin
2482,ravas
2483,ravashan
2484,raven
2485,ravin
2486,ravshan
2487,rayelle
2488,rayshaun
2489,read
2490,reagan
2491,rebeca
2492,rebeka
2493,reece
2494,reed
2495,reese
2496,reeve
2497,regan
2498,regen
2499,rei
2500,reid
2501,reidan
2502,reilly
2503,reise
2504,reiss
2505,remington
2506,remy
2507,renee
2508,renz
2509,reo
2510,reto
2511,reverdy
2512,rex
2513,rey
2514,rhett
2515,rhiann
2516,rhiannon
2517,rhys
2518,ri
2519,riad
2520,richa
2521,richar
2522,richie
2523,richy
2524,rickey
2525,rico
2526,ridge
2527,riguel
2528,riker
2529,riki
2530,riku
2531,riley
2532,rilind
2533,ripley
2534,rishi
2535,rishithro
2536,risten
2537,river
2538,rivera
2539,rivindu
2540,rj
2541,roa
2542,robbi
2543,robby
2544,rober
2545,roberto
2546,robet
2547,robin
2548,robina
2549,robinson
2550,robyn
2551,rocco
2552,rockie
2553,roddy
2554,rodney
2555,rodrigo
2556,rohail
2557,rohan
2558,roma
2559,roman
2560,romulo
2561,ronak
2562,ronal
2563,ronan
2564,ronen
2565,rong
2566,rong hang
2567,ronshekhar
2568,roque
2569,rory
2570,rosali
2571,rosalie
2572,rosem
2573,rosemary
2574,rowan
2575,roxy
2576,ruan
2577,ruben
2578,rubin
2579,rui
2580,rusell
2581,rush
2582,russel
2583,rustin
2584,rut
2585,ruth
2586,ruvem
2587,ryan phil
2588,ryanm
2589,ryenn
2590,rylan
2591,ryland
2592,rylee
2593,ryley
2594,rylie
2595,rynone
2596,ryo
2597,ryoma
2598,ryota
2599,ryotaro
2600,ryunosuke
2601,saaior
2602,saajan
2603,sabastian
2604,sacheli
2605,sachin
2606,sade
2607,safie
2608,safieel
2609,safwan
2610,sage
2611,sahaj
2612,sahne
2613,sai
2614,saige
2615,sako
2616,saleem
2617,sali
2618,salim
2619,salvat
2620,salvator
2621,salvatore
2622,samad
2623,samamtha
2624,samant
2625,samanth
2626,sameep
2627,sameeq
2628,sameer
2629,sami
2630,samir
2631,samual
2632,samue
2633,san
2634,sandon
2635,sandro
2636,sang hoon
2637,sang yum
2638,sanjay
2639,santh
2640,santhosh
2641,santi
2642,santiago
2643,santino
2644,sara
2645,saranne
2646,sargon
2647,sarvajist
2648,sasha
2649,saul
2650,savanna
2651,savior
2652,sawyer
2653,schulyer
2654,schuyler
2655,sco
2656,scooter
2657,scootte
2658,scout
2659,se
2660,sea
2661,seamus
2662,sean
2663,seaver
2664,sebastia
2665,sebastio
2666,sebi
2667,sebrin
2668,sedric
2669,senam
2670,seogi
2671,sepncer
2672,seraphim
2673,serge
2674,sergei
2675,sergey
2676,sergio
2677,serguei
2678,seth
2679,seton
2680,sevastia
2681,sevastian
2682,shael issal
2683,shafid
2684,shai
2685,shain
2686,shakiyl
2687,shala
2688,shamari
2689,shamus
2690,shane
2691,shanesse
2692,shanna
2693,shannan
2694,shanney
2695,shanno
2696,shannon
2697,shaquille
2698,sharquan
2699,shashank
2700,shashwat
2701,shau
2702,shaughn
2703,shaun
2704,shauna
2705,shauntia
2706,shawn
2707,shawna
2708,shayam
2709,shayan
2710,shayna
2711,shayne
2712,shea
2713,sheamus
2714,sheena
2715,shelby
2716,sherida
2717,shihab
2718,shihan
2719,shing ru
2720,shintaro
2721,shiv
2722,shiveen
2723,shlok
2724,shoon
2725,shoonfon
2726,shoonhsin
2727,shotaro
2728,shrey
2729,shruj
2730,shuji
2731,shumpei
2732,shun
2733,shunpei
2734,shunsuke
2735,siddha
2736,sierra
2737,sila
2738,sima
2739,simona
2740,simonn
2741,sittinon
2742,sivan
2743,skeeter
2744,skender
2745,sky
2746,skye
2747,skyla
2748,skylar
2749,skyler
2750,slade
2751,slaton
2752,sloan
2753,sogo
2754,sohail
2755,soham
2756,sohrab
2757,soph
2758,sora
2759,sota
2760,spence
2761,spencer
2762,spencerport
2763,spenser
2764,spike
2765,sriram
2766,stacey
2767,stan
2768,stanislav
2769,stanley
2770,staov
2771,starlit
2772,stavros
2773,stef
2774,stefan
2775,stefano
2776,stelios
2777,stepan
2778,stepanie
2779,stephe
2780,stepher
2781,sterling
2782,stev
2783,stevi
2784,stewart
2785,stiylord
2786,stone
2787,stuie
2788,subaru
2789,sullie
2790,sulton
2791,sumit
2792,summer
2793,sumner
2794,sun
2795,sunnie
2796,sunny
2797,suraj
2798,surinde
2799,surinder
2800,svetla
2801,sylvan
2802,sylvia
2803,symon
2804,syvonne
2805,szymon
2806,ta eh
2807,tabo
2808,tad
2809,tadhg
2810,tae
2811,taegan
2812,tage
2813,tagger
2814,taha
2815,taichi
2816,taigan
2817,taji
2818,takeru
2819,takeshi
2820,takis
2821,takuto
2822,talia
2823,talon
2824,talyn
2825,tamel
2826,tamer
2827,tamir
2828,tanner
2829,tanya
2830,taran
2831,taras
2832,tarik
2833,tariq
2834,taro
2835,taron
2836,taryn
2837,tashaun
2838,tate
2839,tatym
2840,tavish
2841,tavy
2842,taygan
2843,tayl
2844,taylan
2845,taylor
2846,tayor
2847,taz
2848,tazio
2849,teegan
2850,teke
2851,telmo
2852,tenzin
2853,teodoro
2854,tequan
2855,terrae
2856,terran
2857,terrance
2858,terrence
2859,tesea
2860,tezzy
2861,tha
2862,thadah
2863,thadious
2864,thai
2865,thain
2866,thais
2867,thalis
2868,thanuta
2869,thaw kler
2870,theron
2871,thiago
2872,tho
2873,thoma
2874,thor
2875,thrain
2876,ti
2877,tia
2878,tiago
2879,tiarah
2880,tiberiu
2881,tieme
2882,tiernan
2883,tiffan
2884,tiger
2885,tighe
2886,tima
2887,time
2888,timmer
2889,timmy the bandi
2890,timo
2891,timor
2892,timot
2893,timoth
2894,tin
2895,ting
2896,tino
2897,tion
2898,tirdod
2899,titan
2900,titus
2901,tj
2902,tobey
2903,tobin
2904,tod
2905,todd
2906,toma
2907,tomar
2908,tomas
2909,tomaya
2910,tomer
2911,tomonori
2912,toni
2913,tori
2914,torin
2915,torrin
2916,torste
2917,tory
2918,toshiki
2919,townes
2920,tr
2921,traivon
2922,travi
2923,travis
2924,travous
2925,tray
2926,treat
2927,tremor
2928,tren
2929,trenner
2930,trent
2931,trenton
2932,trevin
2933,trevlor
2934,trevonne
2935,trevor
2936,trey
2937,treyse
2938,trip
2939,tripp
2940,trista
2941,tristan
2942,tristen
2943,tristin
2944,triston
2945,troy
2946,truax
2947,truman
2948,truth
2949,trystan
2950,tthomas
2951,ttroy
2952,tucker
2953,tuomas
2954,turner
2955,tushar
2956,ty
2957,tye
2958,tyghe
2959,tyl
2960,tylar
2961,tyle
2962,tyler
2963,tyler scot
2964,tylor
2965,tynan
2966,tyori
2967,tyrique
2968,tyrone
2969,tyru
2970,tyshon
2971,tyson
2972,tzephen
2973,uday
2974,ulises
2975,ulysses
2976,uma
2977,umut
2978,un
2979,unique
2980,uriy
2981,vaasu
2982,vaclav
2983,vadim
2984,vah za
2985,valentin
2986,valery
2987,vance
2988,vannroth
2989,vanroth
2990,vasu
2991,vaughn
2992,vedant
2993,veer
2994,venn
2995,veronika
2996,verrick
2997,vertis
2998,viady
2999,victori
3000,vidhu
3001,viet
3002,vij
3003,vijay
3004,vikas
3005,viken
3006,vilium
3007,villium
3008,vincen
3009,vitaliy
3010,vitaut
3011,vito
3012,vlad
3013,vladimir
3014,vlady
3015,vladyslav
3016,wade
3017,wahaj
3018,walker
3019,wansi
3020,ward
3021,warner
3022,warren
3023,watson
3024,wayne
3025,weijia
3026,wellington
3027,wells
3028,westey
3029,westin
3030,westley
3031,weston
3032,whalen
3033,whitm
3034,whitman
3035,whitney
3036,wil
3037,wilfredo
3038,wilhelm
3039,wililams
3040,willam
3041,willard
3042,willem
3043,willen
3044,willi
3045,willia
3046,william darnell
3047,willow
3048,wills
3049,wiln
3050,wilny
3051,winick
3052,winsor
3053,winston
3054,winter
3055,wolfgang
3056,wolfgarr
3057,won woo
3058,woodard
3059,wootae
3060,wyatt
3061,xaiver
3062,xander
3063,xavie
3064,xavier
3065,xiaoyu
3066,xin
3067,xochitl
3068,xuyan
3069,yagiz
3070,yairo
3071,yakob
3072,yalim
3073,yan
3074,yang
3075,yaniv
3076,yanni
3077,yaro
3078,yasmin
3079,yassine
3080,yasuhisa
3081,yasutaka
3082,yataro
3083,yeimer
3084,yeraido
3085,yerko
3086,yesu
3087,yi
3088,yibo
3089,yo
3090,yoham
3091,yong
3092,yong chan
3093,yongchan
3094,yonghoon
3095,yooshin
3096,yorke
3097,yosef
3098,yoshi
3099,yoshifumi
3100,yoshih
3101,yoshihiko
3102,yoshiki
3103,yoshimit
3104,young
3105,youri
3106,yousef
3107,youssef
3108,yue
3109,yuichiro
3110,yuki
3111,yukio
3112,yulia
3113,yuliy
3114,yung
3115,yunus
3116,yuri
3117,yuriy
3118,yury
3119,yuseke
3120,yushi
3121,yusuf
3122,yusuke
3123,yutaka
3124,yutaro
3125,yuto
3126,yves
3127,zac
3128,zacc
3129,zacha
3130,zachar
3131,zachary
3132,zachery
3133,zack
3134,zackary
3135,zackery
3136,zaire
3137,zak
3138,zakaria
3139,zakk
3140,zander
3141,zane
3142,zay ko ko
3143,zayd
3144,zebadiah
3145,zech
3146,zechariah
3147,zecharih
3148,zeebs
3149,zeeshan
3150,zei wei
3151,zeit
3152,zenon
3153,zephran
3154,zhani
3155,zhao
3156,ziho
3157,zion
3158,ziyad
3159,zlatan
3160,zoe
